FID,JOIN_FID,FREQUENCY,SUM_resist,FIRST_shape_area
-1,0,70,202.957118,190.5087182
-1,1,63,182.6614062,183.5668941
-1,2,722,2093.357703,2112.167036
-1,3,142,411.7130108,411.3998407
-1,4,118,342.1277132,346.6782465
-1,5,25,72.484685,67.90673472
-1,6,140,405.914236,399.1960907
-1,7,741,2148.446063,2164.417409
-1,8,22,63.7865228,62.52038119
-1,9,1130,3276.307762,3284.466606
-1,10,34,98.5791716,94.33531305
-1,11,7728,22406.46583,22113.03755
-1,12,5827,16894.73038,16626.6461
-1,13,2208,6401.847379,6413.921722
-1,14,8109,23511.13243,23584.50228
-1,15,1719,4984.046941,4998.376327
-1,16,2046,5932.14662,5951.469953
-1,17,31,89.8810094,87.85350877
-1,18,4109,11913.58283,11959.97014
-1,19,6063,17578.98581,17662.71767
-1,20,1852,5369.665465,5388.438275
-1,21,3808,11040.86722,11090.92101
-1,22,2071,6004.631305,6026.20345
-1,23,187,542.1854438,535.0546519
-1,24,1780,5160.909572,5152.929834
-1,25,4227,12255.71054,12314.10156
-1,26,1113,3227.018176,3230.792374
-1,27,3825,11090.15681,11156.22731
-1,28,23,66.6859102,65.35288893
-1,29,602,1745.431215,1753.517066
-1,30,4525,13119.72799,13174.26443
-1,31,42,121.7742708,134.221817
-1,32,2458,7126.694229,7161.947066
-1,33,30,86.981622,85.95252515
-1,34,52,150.7681448,154.2617268
-1,35,1940,5624.811556,5627.274644
-1,36,1540,4465.056596,4466.302934
-1,37,105,304.435677,307.5493946
-1,38,2076,6019.128242,6054.631662
-1,39,4784,13870.66932,13923.26804
-1,40,2081,6033.625179,6036.888442
-1,41,4428,12838.48741,12885.95315
-1,42,146,423.3105604,425.7235151
-1,43,1332,3861.984017,3873.115977
-1,44,10,28.993874,29.95647153
-1,45,134,388.5179116,388.6242818
-1,46,324,939.4015176,945.8579101
-1,47,1581,4583.931479,4588.174207
-1,48,2474,7173.084428,7204.132052
-1,49,8819,25569.69748,25678.73544
-1,50,66,191.3595684,182.3848251
-1,51,79,229.0516046,220.7310056
-1,52,201,582.7768674,578.790189
-1,53,543,1574.367358,1585.744778
-1,54,4308,12490.56092,12551.75553
-1,55,19,55.0883606,63.79347015
-1,56,20,57.987748,65.89726701
-1,57,22,63.7865228,63.17982409
-1,58,3453,10011.58469,10054.14298
-1,59,692,2006.376081,2008.415524
-1,60,2165,6277.173721,6300.718037
-1,61,801,2322.409307,2305.032526
-1,62,4499,13044.34391,13075.79101
-1,63,63,182.6614062,194.3463619
-1,64,1499,4346.181713,4356.37698
-1,65,3681,10672.64502,10757.03265
-1,66,1761,5105.821211,5125.463401
-1,67,68,197.1583432,214.5648478
-1,68,57,165.2650818,171.5595952
-1,69,48,139.1705952,138.3758686
-1,70,114,330.5301636,329.4192628
-1,71,125,362.423425,354.3120127
-1,72,202,585.6762548,590.9698323
-1,73,18,52.1889732,52.35920456
-1,74,1705,4943.455517,4943.817667
-1,75,726,2104.955252,2110.607132
-1,76,258,748.0419492,757.0879644
-1,77,1465,4247.602541,4259.657406
-1,78,365,1058.276401,1057.127552
-1,79,3600,10437.79464,10484.59525
-1,80,1622,4702.806363,4708.88687
-1,82,59,171.0638566,177.8203367
-1,83,1519,4404.169461,4429.555163
-1,84,1328,3850.386467,3853.716836
-1,85,2287,6630.898984,6672.148436
-1,86,83,240.6491542,243.4878583
-1,87,1126,3264.710212,3297.829464
-1,88,698,2023.772405,2028.528615
-1,89,475,1377.209015,1387.110761
-1,90,3859,11188.73598,11228.71343
-1,91,1658,4807.184309,4832.535162
-1,92,4021,11658.43674,11727.39228
-1,93,727,2107.85464,2110.50013
-1,94,215,623.368291,625.3715681
-1,95,3977,11530.86369,11567.74317
-1,96,36,104.3779464,102.8526275
-1,97,3572,10356.61179,10380.6194
-1,98,4210,12206.42095,12237.81498
-1,99,35,101.478559,103.0638547
-1,100,104,301.5362896,307.5678694
-1,101,116,336.3289384,343.1945494
-1,102,56,162.3656944,165.923416
-1,103,3817,11066.96171,11090.4338
-1,104,58,168.1644692,171.0257112
-1,105,31,89.8810094,92.86824076
-1,106,38,110.1767212,108.236097
-1,107,3087,8950.408904,8994.513371
-1,108,628,1820.815287,1840.239553
-1,109,268,777.0358232,780.1688246
-1,110,33,95.6797842,91.60459232
-1,111,269,779.9352106,778.2702552
-1,112,193,559.5817682,552.175242
-1,113,34,98.5791716,97.8723558
-1,114,46,133.3718204,131.9100257
-1,115,82,237.7497668,235.7290935
-1,116,72,208.7558928,205.5659823
-1,117,1962,5688.598079,5718.11789
-1,118,2652,7689.175385,7717.047366
-1,119,1977,5732.08889,5746.014825
-1,120,3767,10921.99234,10982.56891
-1,121,1797,5210.199158,5196.338355
-1,122,3426,9933.301232,9963.319309
-1,123,34,98.5791716,96.05382668
-1,124,4285,12423.87501,12438.58243
-1,125,489,1417.800439,1404.184846
-1,126,414,1200.346384,1220.814678
-1,127,148,429.1093352,434.4728525
-1,128,550,1594.66307,1607.748918
-1,129,2162,6268.475559,6281.933115
-1,130,131,379.8197494,365.7085593
-1,131,1922,5572.622583,5600.004498
-1,132,4738,13737.2975,13779.71819
-1,133,1152,3340.094285,3338.313332
-1,134,1822,5282.683843,5296.739693
-1,135,790,2290.516046,2313.715513
-1,136,658,1907.796909,1920.431386
-1,137,70,202.957118,200.2088568
-1,138,3681,10672.64502,10737.19418
-1,139,1134,3287.905312,3316.981271
-1,140,475,1377.209015,1386.123442
-1,141,4101,11890.38773,11953.80401
-1,142,54,156.5669196,154.5353378
-1,143,4218,12229.61605,12256.70588
-1,144,1418,4111.331333,4150.774339
-1,145,2147,6224.984748,6276.152081
-1,146,401,1162.654347,1174.31112
-1,147,14,40.5914236,43.67119175
-1,148,35,101.478559,101.973168
-1,149,2148,6227.884135,6253.201938
-1,150,2021,5859.661935,5905.131073
-1,151,19,55.0883606,64.01986237
-1,152,142,411.7130108,418.5976057
-1,153,43,124.6736582,125.9236755
-1,154,2043,5923.448458,5917.669301
-1,155,28,81.1828472,80.5962768
-1,156,3256,9440.405374,9462.895562
-1,157,80,231.950992,240.6953238
-1,158,42,121.7742708,123.4797337
-1,159,19,55.0883606,53.70989104
-1,160,22,63.7865228,64.63934442
-1,161,50,144.96937,142.253703
-1,162,733,2125.250964,2148.535579
-1,163,23,66.6859102,66.24367049
-1,164,608,1762.827539,1775.087537
-1,165,2301,6671.490407,6677.220667
-1,166,189,547.9842186,554.2809608
-1,167,897,2600.750498,2602.791518
-1,168,28,81.1828472,78.0693953
-1,169,2064,5984.335594,5985.771325
-1,170,4278,12403.5793,12482.82175
-1,171,2119,6143.801901,6174.79432
-1,172,153,443.6062722,439.7660059
-1,173,4618,13389.37101,13418.27841
-1,174,22,63.7865228,63.43488073
-1,175,2762,8008.107999,8068.930295
-1,176,4715,13670.61159,13727.45797
-1,177,2170,6291.670658,6329.006983
-1,178,1613,4676.711876,4702.916228
-1,179,498,1443.894925,1453.727364
-1,180,6349,18408.2106,18454.91472
-1,181,17,49.2895858,47.38685615
-1,182,3048,8837.332795,8942.741109
-1,183,334,968.3953916,986.6628023
-1,184,271,785.7339854,780.3934381
-1,185,49,142.0699826,147.5333203
-1,186,3118,9040.289913,9063.632241
-1,187,3489,10115.96264,10123.92893
-1,188,1304,3780.80117,3791.477941
-1,189,394,1142.358636,1160.714713
-1,190,3682,10675.54441,10710.51842
-1,191,5016,14543.3272,14613.1586
-1,192,166,481.2983084,484.3040099
-1,193,24,69.5852976,70.34126316
-1,194,25,72.484685,70.99985982
-1,195,3238,9388.216401,9415.168505
-1,196,111,321.8320014,326.2557061
-1,197,130,376.920362,378.6276847
-1,198,9214,26714.9555,26826.98907
-1,199,242,701.6517508,717.184024
-1,200,145,420.411173,416.3018804
-1,201,8471,24560.71067,24677.15842
-1,202,365,1058.276401,1059.582367
-1,203,168,487.0970832,503.5741322
-1,204,14,40.5914236,42.28023378
-1,205,429,1243.837195,1271.359211
-1,206,19,55.0883606,37.81632057
-1,207,14,40.5914236,38.41674745
-1,208,3876,11238.02556,11299.57278
-1,209,151,437.8074974,437.826366
-1,210,20,57.987748,46.63822043
-1,211,8623,25001.41755,24964.44231
-1,212,94,272.5424156,264.8403226
-1,213,9,26.0944866,29.80603861
-1,214,2,5.7987748,13.62998966
-1,215,356,1032.181914,1028.391114
-1,216,25,72.484685,76.97122663
-1,217,204,591.4750296,599.7750175
-1,218,36,104.3779464,108.5941728
-1,219,7,20.2957118,21.99000766
-1,220,11,31.8932614,35.21365327
-1,221,23,66.6859102,51.03372727
-1,222,219,634.9658406,562.9951674
-1,223,117,339.2283258,338.9677066
-1,224,168,487.0970832,480.7232627
-1,225,124,359.5240376,361.0542228
-1,226,48,139.1705952,142.891298
-1,227,284,823.4260216,810.2247678
-1,228,156,452.3044344,458.1956811
-1,229,507,1469.989412,1475.821162
-1,230,766,2220.930748,2036.145177
-1,231,3648,10576.96524,10528.22031
-1,232,1125,3261.810825,3127.750549
-1,233,39,113.0761086,87.85334791
-1,234,910,2638.442534,2373.688302
-1,235,52,150.7681448,147.6713275
-1,236,17,49.2895858,53.09286156
-1,237,23,66.6859102,71.11054052
-1,238,22,63.7865228,66.24260699
-1,239,91,263.8442534,263.8140633
-1,240,52,150.7681448,153.5425313
-1,241,21,60.8871354,62.01522143
-1,242,33,95.6797842,91.99243567
-1,243,28,81.1828472,84.74470462
-1,244,30,86.981622,83.28883697
-1,245,23,66.6859102,68.77091279
-1,246,22,63.7865228,70.75192991
-1,247,22,63.7865228,68.5478119
-1,248,23,66.6859102,65.80715644
-1,249,22,63.7865228,67.33458063
-1,250,19,55.0883606,54.35830655
-1,251,34,98.5791716,98.56111696
-1,252,92,266.7436408,251.345397
-1,253,27,78.2834598,75.80803311
-1,254,58,168.1644692,156.2693564
-1,255,25,72.484685,72.37054886
-1,256,5,14.496937,22.90050014
-1,257,10,28.993874,40.99541724
-1,258,159,461.0025966,450.8985787
-1,259,32,92.7803968,79.57707106
-1,260,18,52.1889732,54.26120049
-1,261,44,127.5730456,120.2919633
-1,262,74,214.5546676,222.8218297
-1,263,49,142.0699826,142.6980592
-1,264,200,579.87748,584.2970976
-1,265,90,260.944866,263.870521
-1,266,101,292.8381274,301.5903088
-1,267,90,260.944866,269.2270256
-1,268,218,632.0664532,639.2265172
-1,269,91,263.8442534,279.9651384
-1,270,63,182.6614062,188.7277468
-1,271,100,289.93874,290.0501062
-1,272,21,60.8871354,66.02706386
-1,273,55,159.466307,167.5392404
-1,274,10,28.993874,49.48126133
-1,275,33,95.6797842,106.6749033
-1,276,915,2652.939471,2673.968117
-1,277,177,513.1915698,551.4758426
-1,278,92,266.7436408,286.7066988
-1,279,17,49.2895858,55.7379097
-1,280,13,37.6920362,76.766169
-1,281,341,988.6911034,1024.079776
-1,282,39,113.0761086,109.5446058
-1,283,44,127.5730456,126.8412374
-1,284,115,333.429551,349.6931637
-1,285,111,321.8320014,325.112297
-1,286,59,171.0638566,171.8083767
-1,287,28,81.1828472,63.63311046
-1,288,90,260.944866,263.2080856
-1,289,41,118.8748834,119.8889065
-1,290,15,43.490811,48.96679937
-1,291,19,55.0883606,78.23228869
-1,292,25,72.484685,87.17785305
-1,293,249,721.9474626,718.4860567
-1,294,96,278.3411904,277.2128727
-1,295,35,101.478559,102.9836321
-1,296,17,49.2895858,46.79569578
-1,297,45,130.472433,128.3399202
-1,298,280,811.828472,814.4293329
-1,299,20,57.987748,55.24784773
-1,300,497,1440.995538,1452.043287
-1,301,75,217.454055,221.2451442
-1,302,431,1249.635969,1267.28539
-1,303,79,229.0516046,234.4881707
-1,304,29,84.0822346,98.58296123
-1,305,33,95.6797842,98.60726746
-1,306,423,1226.44087,1231.936744
-1,307,489,1417.800439,1417.545786
-1,308,195,565.380543,573.1015717
-1,309,139,403.0148486,391.5504101
-1,310,20,57.987748,60.66284039
-1,311,638,1849.809161,1860.866564
-1,312,1765,5117.418761,5117.910881
-1,313,21,60.8871354,55.18544234
-1,314,107,310.2344518,304.6069515
-1,315,139,403.0148486,412.5006968
-1,316,204,591.4750296,596.4520726
-1,317,1399,4056.242973,4054.940783
-1,318,332,962.5966168,929.5918953
-1,319,34,98.5791716,101.1221847
-1,320,2744,7955.919026,7979.898118
-1,321,67,194.2589558,192.2367104
-1,322,351,1017.684977,1035.585414
-1,323,40,115.975496,113.1390916
-1,324,54,156.5669196,152.8600265
-1,325,3046,8831.53402,8817.18023
-1,326,63,182.6614062,186.0510642
-1,327,232,672.6578768,682.0724035
-1,328,137,397.2160738,341.4193856
-1,329,1197,3470.566718,3473.272614
-1,330,579,1678.745305,1692.625839
-1,331,139,403.0148486,405.7049746
-1,332,76,220.3534424,224.1545439
-1,333,24,69.5852976,67.44081087
-1,334,21,60.8871354,49.08212687
-1,335,214,620.4689036,617.9710929
-1,336,754,2186.1381,2181.457803
-1,337,74,214.5546676,216.6285851
-1,338,69,200.0577306,207.7641303
-1,339,94,272.5424156,272.2116194
-1,340,27,78.2834598,82.77386816
-1,341,66,191.3595684,207.0529753
-1,342,438,1269.931681,1253.872516
-1,343,130,376.920362,364.5360551
-1,344,588,1704.839791,1707.167581
-1,345,828,2400.692767,2128.298379
-1,346,1592,4615.824741,4651.964328
-1,347,776,2249.924622,2254.408826
-1,348,271,785.7339854,788.5628566
-1,349,249,721.9474626,726.3235007
-1,350,88,255.1460912,255.3978419
-1,351,47,136.2712078,145.256842
-1,352,12,34.7926488,39.46560581
-1,353,19,55.0883606,57.29742613
-1,354,14,40.5914236,40.73052943
-1,355,18,52.1889732,55.8848854
-1,356,32,92.7803968,98.40981426
-1,357,79,229.0516046,230.1769173
-1,358,17,49.2895858,53.47202371
-1,359,61,176.8626314,173.9657645
-1,360,35,101.478559,96.69454946
-1,361,64,185.5607936,183.6866395
-1,362,97,281.2405778,286.7153505
-1,363,142,411.7130108,410.8209117
-1,364,5,14.496937,20.12751277
-1,365,215,623.368291,604.9112769
-1,366,58,168.1644692,167.1925233
-1,367,19,55.0883606,51.28976153
-1,368,72,208.7558928,210.4140158
-1,369,676,1959.985882,1972.929324
-1,370,1,2.8993874,10.68254664
-1,371,102,295.7375148,299.5783501
-1,372,189,547.9842186,562.3741702
-1,373,71,205.8565054,199.1203957
-1,374,506,1467.090024,1470.045803
-1,375,906,2626.844984,2637.27134
-1,376,69,200.0577306,208.8611295
-1,377,112,324.7313888,327.4203726
-1,378,163,472.6001462,476.7224308
-1,379,737,2136.848514,2154.707611
-1,380,10,28.993874,34.40557081
-1,381,24,69.5852976,70.8442542
-1,382,1574,4563.635768,4549.388112
-1,383,139,403.0148486,413.6637125
-1,384,20,57.987748,62.84031499
-1,385,78,226.1522172,224.852306
-1,386,73,211.6552802,205.9293994
-1,387,209,605.9719666,605.2538763
-1,388,1296,3757.60607,3748.16012
-1,389,26,75.3840724,77.71070884
-1,390,996,2887.78985,2893.189712
-1,391,68,197.1583432,152.2843327
-1,392,12,34.7926488,23.10810243
-1,393,1291,3743.109133,3783.962656
-1,394,230,666.859102,672.2967192
-1,395,23,66.6859102,69.4426238
-1,396,518,1501.882673,1521.331113
-1,397,95,275.441803,267.945827
-1,398,566,1641.053268,1510.386692
-1,399,254,736.4443996,744.4060042
-1,400,104,301.5362896,303.8722982
-1,401,1099,3186.426753,3205.815205
-1,402,113,327.6307762,332.9034478
-1,403,87,252.2467038,221.5175552
-1,404,127,368.2221998,371.6295426
-1,405,259,750.9413366,754.5021447
-1,406,33,95.6797842,103.8791826
-1,407,36,104.3779464,81.30396972
-1,408,13,37.6920362,36.59544885
-1,409,10,28.993874,34.62894368
-1,410,4571,13253.09981,13176.19794
-1,411,10,28.993874,25.28414922
-1,412,1217,3528.554466,3357.363441
-1,413,1015,2942.878211,2874.109279
-1,414,381,1104.666599,876.3824307
-1,415,122,353.7252628,291.6425008
-1,416,103,298.6369022,290.0079429
-1,417,2301,6671.490407,6699.425859
-1,418,117,339.2283258,354.6547956
-1,419,7,20.2957118,24.09843906
-1,420,38,110.1767212,124.7572526
-1,421,22,63.7865228,62.28592103
-1,422,233,675.5572642,676.0507652
-1,423,11,31.8932614,33.40883388
-1,424,21,60.8871354,46.6352426
-1,425,9,26.0944866,12.75189982
-1,426,3,8.6981622,2.801269872
-1,427,32,92.7803968,82.06315101
-1,428,575,1667.147755,1686.347462
-1,429,158,458.1032092,503.686633
-1,430,22,63.7865228,59.90787661
-1,431,143,414.6123982,421.5163049
-1,432,4,11.5975496,13.38174755
-1,433,18,52.1889732,48.57614247
-1,434,36,104.3779464,105.9724621
-1,435,115,333.429551,338.8587754
-1,436,8,23.1950992,37.97021889
-1,437,1865,5407.357501,5269.665317
-1,438,4194,12160.03076,11173.94625
-1,439,156,452.3044344,354.0119136
-1,440,6,17.3963244,4.79619289
-1,442,1943,5633.509718,5642.254559
-1,443,33,95.6797842,40.95482118
-1,444,535,1551.172259,1392.430383
-1,446,871,2525.366425,2436.659522
-1,447,4,11.5975496,7.911404812
-1,448,179,518.9903446,528.2754861
-1,449,1100,3189.32614,3212.072409
-1,450,35,101.478559,98.03085568
-1,451,6743,19550.56924,19630.86703
-1,452,49,142.0699826,145.7953788
-1,453,6595,19121.4599,19187.36579
-1,454,257,745.1425618,748.0236609
-1,455,283,820.5266342,818.8854164
-1,456,282,817.6272468,829.3082346
-1,457,393,1139.459248,1152.566969
-1,458,36,104.3779464,116.4893243
-1,459,57,165.2650818,164.860609
-1,460,351,1017.684977,1036.281819
-1,461,17,49.2895858,52.6561258
-1,462,29,84.0822346,88.48573738
-1,463,377,1093.06905,1101.083969
-1,464,1441,4178.017243,4215.074069
-1,465,271,785.7339854,779.3295803
-1,466,45,130.472433,138.3570417
-1,467,175,507.392795,526.4728435
-1,468,173,501.5940202,522.9918386
-1,469,2879,8347.336325,8373.722647
-1,470,131,379.8197494,375.8870992
-1,471,132,382.7191368,379.4882728
-1,472,182,527.6885068,536.9683702
-1,473,350,1014.78559,1021.509547
-1,474,27,78.2834598,76.72177961
-1,475,615,1783.123251,1794.421292
-1,476,407,1180.050672,1168.129135
-1,477,161,466.8013714,457.8965978
-1,478,505,1464.190637,1477.449913
-1,479,668,1936.790783,1934.415382
-1,480,156,452.3044344,450.1943281
-1,481,404,1171.35251,1168.959447
-1,482,6939,20118.84917,20146.71747
-1,483,3693,10707.43767,10738.77397
-1,484,2416,7004.919958,7034.130799
-1,485,214,620.4689036,620.8484141
-1,486,139,403.0148486,417.7226503
-1,487,101,292.8381274,288.1023202
-1,488,1003,2908.085562,2922.237461
-1,489,43,124.6736582,126.8693094
-1,490,40,115.975496,119.9655982
-1,491,611,1771.525701,1782.0726
-1,492,265,768.337661,759.1089011
-1,494,248,719.0480752,722.9013938
-1,495,250,724.84685,714.2504727
-1,496,1915,5552.326871,5587.365864
-1,497,2045,5929.247233,5945.271192
-1,498,4454,12913.87148,12937.12646
-1,499,27,78.2834598,76.97733103
-1,500,34,98.5791716,94.07773935
-1,501,132,382.7191368,392.3263737
-1,502,225,652.362165,660.4121001
-1,503,1043,3024.061058,2999.886189
-1,504,870,2522.467038,2513.822662
-1,505,9,26.0944866,26.20362573
-1,506,31,89.8810094,94.73297664
-1,507,183,530.5878942,539.5567904
-1,508,499,1446.794313,1430.264661
-1,509,136,394.3166864,398.8529645
-1,510,1588,4604.227191,4594.775318
-1,511,51,147.8687574,138.5091303
-1,512,530,1536.675322,1551.164435
-1,513,449,1301.824943,1319.293606
-1,514,75,217.454055,204.9056215
-1,515,166,481.2983084,487.0391016
-1,516,668,1936.790783,1963.776573
-1,518,1538,4459.257821,4477.152615
-1,519,427,1238.03842,1241.701337
-1,520,62,179.7620188,197.5241495
-1,521,62,179.7620188,174.1590755
-1,522,200,579.87748,577.1568437
-1,523,43,124.6736582,112.5627324
-1,524,41,118.8748834,123.9746218
-1,525,75,217.454055,211.0222634
-1,526,134,388.5179116,384.8787199
-1,527,14,40.5914236,35.59804086
-1,528,304,881.4137696,887.8633985
-1,529,153,443.6062722,440.4628811
-1,530,4,11.5975496,40.27160494
-1,531,27,78.2834598,79.08487339
-1,532,16,46.3901984,37.06286801
-1,533,12,34.7926488,31.1325971
-1,534,38,110.1767212,110.1832116
-1,535,308,893.0113192,897.3643069
-1,536,36,104.3779464,109.0570064
-1,537,136,394.3166864,388.6566632
-1,538,18,52.1889732,50.77147448
-1,539,142,411.7130108,422.2350176
-1,540,84,243.5485416,240.6681419
-1,541,20,57.987748,60.13735706
-1,542,74,214.5546676,217.1116792
-1,543,281,814.7278594,821.8448855
-1,544,45,130.472433,130.4442512
-1,545,174,504.4934076,522.178609
-1,546,23,66.6859102,62.10105344
-1,548,116,336.3289384,301.14447
-1,549,49,142.0699826,147.4968023
-1,550,26,75.3840724,76.41633186
-1,551,51,147.8687574,150.7927533
-1,552,233,675.5572642,684.5405256
-1,553,43,124.6736582,123.1336503
-1,554,38,110.1767212,92.18371801
-1,555,162,469.7007588,483.2901868
-1,556,37,107.2773338,107.6882059
-1,557,15,43.490811,40.29650975
-1,558,23,66.6859102,65.58943313
-1,559,147,426.2099478,421.6259654
-1,560,63,182.6614062,191.0962689
-1,561,201,582.7768674,582.0024775
-1,562,73,211.6552802,213.6959198
-1,563,72,208.7558928,211.249956
-1,564,21,60.8871354,66.5766275
-1,565,609,1765.726927,1778.265422
-1,566,43,124.6736582,126.7047016
-1,567,259,750.9413366,756.0461499
-1,568,1271,3685.121385,3709.376422
-1,569,40,115.975496,121.9940388
-1,570,52,150.7681448,165.6920603
-1,571,310,898.810094,857.8196364
-1,572,470,1362.712078,1390.292157
-1,573,53,153.6675322,156.7773861
-1,574,186,539.2860564,529.6365269
-1,575,49,142.0699826,144.6720063
-1,576,18,52.1889732,49.95930766
-1,577,21,60.8871354,68.57519952
-1,578,38,110.1767212,107.3389063
-1,579,893,2589.152948,2590.979395
-1,580,18,52.1889732,53.3628919
-1,581,19,55.0883606,52.77619752
-1,582,16,46.3901984,48.33153594
-1,583,58,168.1644692,162.6149587
-1,584,37,107.2773338,121.1910503
-1,585,135,391.417299,390.9676302
-1,586,39,113.0761086,93.99223983
-1,587,90,260.944866,275.2187858
-1,588,17,49.2895858,50.93276595
-1,589,65,188.460181,191.5442599
-1,590,162,469.7007588,470.8962522
-1,591,16,46.3901984,47.83652025
-1,592,40,115.975496,119.5258315
-1,593,36,104.3779464,110.4912093
-1,594,15,43.490811,41.34091464
-1,595,872,2528.265813,2546.249821
-1,596,43,124.6736582,122.0465346
-1,597,756,2191.936874,2197.436065
-1,598,458,1327.919429,1350.56362
-1,599,60,173.963244,163.5685265
-1,600,40,115.975496,113.0242325
-1,601,28,81.1828472,90.60328379
-1,602,19,55.0883606,60.77105351
-1,603,129,374.0209746,354.6094726
-1,604,38,110.1767212,123.9202019
-1,605,109,316.0332266,315.9469903
-1,606,7,20.2957118,32.28687517
-1,607,129,374.0209746,371.9563749
-1,608,138,400.1154612,403.3271228
-1,609,22,63.7865228,60.33140843
-1,610,846,2452.88174,2464.600933
-1,611,15,43.490811,45.60985813
-1,612,164,475.4995336,471.7869534
-1,613,14,40.5914236,47.06195832
-1,614,60,173.963244,172.9690883
-1,615,45,130.472433,133.0420315
-1,616,673,1951.28772,1976.521907
-1,617,136,394.3166864,388.659063
-1,618,830,2406.491542,2388.66487
-1,619,39,113.0761086,145.5475788
-1,620,173,501.5940202,518.4214457
-1,621,183,530.5878942,536.2299214
-1,622,33,95.6797842,98.95372406
-1,623,26,75.3840724,72.06905655
-1,624,65,188.460181,187.3391634
-1,625,364,1055.377014,1038.128946
-1,626,27,78.2834598,83.45921966
-1,627,153,443.6062722,444.2811584
-1,628,419,1214.843321,1269.528454
-1,629,1479,4288.193965,4329.961017
-1,630,175,507.392795,516.9364438
-1,631,75,217.454055,216.297339
-1,632,247,716.1486878,712.0677599
-1,633,38,110.1767212,121.6520262
-1,634,15,43.490811,55.97697685
-1,635,2750,7973.31535,7986.188839
-1,636,13,37.6920362,47.00077608
-1,637,514,1490.285124,1485.373905
-1,638,998,2893.588625,2900.969441
-1,639,805,2334.006857,2322.210221
-1,640,18,52.1889732,52.45241813
-1,642,305,884.313157,872.3445416
-1,643,152,440.7068848,446.7811609
-1,644,87,252.2467038,245.6434958
-1,645,21,60.8871354,65.86409407
-1,646,2139,6201.789649,6185.348466
-1,647,164,475.4995336,470.5899405
-1,648,158,458.1032092,458.1988294
-1,649,191,553.7829934,548.8240139
-1,650,325,942.300905,948.0774614
-1,651,41,118.8748834,106.0572264
-1,652,57,165.2650818,165.6240234
-1,653,24,69.5852976,62.34658913
-1,654,48,139.1705952,110.5017522
-1,655,282,817.6272468,824.3997419
-1,656,900,2609.44866,2603.718792
-1,657,122,353.7252628,360.4343103
-1,658,105,304.435677,293.6858234
-1,659,8,23.1950992,27.51589789
-1,661,63,182.6614062,148.7340937
-1,662,1,2.8993874,0.856387007
-1,663,2,5.7987748,4.099394157
-1,664,11,31.8932614,32.70149127
-1,665,12,34.7926488,33.65079271
-1,666,1288,3734.410971,3740.939999
-1,667,113,327.6307762,325.9765099
-1,668,18,52.1889732,59.17080565
-1,669,21,60.8871354,274.1152754
-1,670,196,568.2799304,580.1859321
-1,671,76,220.3534424,198.7677797
-1,672,175,507.392795,502.061268
-1,673,312,904.6088688,903.725608
-1,674,152,440.7068848,425.5152678
-1,675,3662,10617.55666,10078.63336
-1,676,391,1133.660473,1039.372272
-1,678,51,147.8687574,95.50505861
-1,679,66,191.3595684,90.83246327
-1,680,7,20.2957118,11.02931107
-1,681,197,571.1793178,504.6372116
-1,682,137,397.2160738,361.9211915
-1,683,2464,7144.090554,7160.467237
-1,684,2544,7376.041546,7392.951728
-1,685,2358,6836.755489,6842.597546
-1,686,7,20.2957118,27.83090619
-1,687,35,101.478559,100.1870659
-1,688,6,17.3963244,29.69618585
-1,689,5996,17384.72685,17427.40373
-1,690,60,173.963244,176.7483074
-1,691,2427,7036.81322,7020.155553
-1,692,728,2110.754027,2100.874346
-1,693,495,1435.196763,1452.775782
-1,694,28,81.1828472,87.28307681
-1,695,134,388.5179116,402.4772252
-1,696,2078,6024.927017,6050.74355
-1,697,1451,4207.011117,4221.333897
-1,698,3345,9698.450853,9737.455101
-1,699,39,113.0761086,117.5750741
-1,700,38,110.1767212,112.897614
-1,701,33,95.6797842,97.76273488
-1,702,15,43.490811,50.9538226
-1,703,4029,11681.63183,11734.45843
-1,704,102,295.7375148,297.3388208
-1,705,540,1565.669196,1583.218964
-1,706,733,2125.250964,2152.945254
-1,707,454,1316.32188,1333.459487
-1,708,5,14.496937,31.20544536
-1,709,628,1820.815287,1819.470489
-1,710,239,692.9535886,683.6694411
-1,711,628,1820.815287,1820.152718
-1,712,3407,9878.212872,9934.585043
-1,713,485,1406.202889,1412.818971
-1,714,3110,9017.094814,9063.630412
-1,715,24,69.5852976,70.25710568
-1,716,7354,21322.09494,21389.61046
-1,717,2144,6216.286586,6249.233954
-1,718,26,75.3840724,79.40421336
-1,719,161,466.8013714,465.4392023
-1,720,938,2719.625381,2717.319579
-1,721,3889,11275.7176,11312.45004
-1,722,1137,3296.603474,3312.370422
-1,723,264,765.4382736,762.0778584
-1,724,21,60.8871354,62.30374013
-1,725,1031,2989.268409,2971.719932
-1,726,4044,11725.12265,11779.71107
-1,727,4804,13928.65707,13937.65509
-1,728,1,2.8993874,32.79605741
-1,729,3887,11269.91882,11296.24501
-1,730,408,1182.950059,1172.444993
-1,731,10,28.993874,27.54864562
-1,732,15,43.490811,43.63348878
-1,733,3619,10492.883,10471.67805
-1,734,25,72.484685,72.05104017
-1,735,2941,8527.098343,8565.324973
-1,736,1817,5268.186906,5247.801393
-1,737,415,1203.245771,1198.305884
-1,738,1997,5790.076638,5795.843996
-1,739,4591,13311.08755,13315.21219
-1,740,53,153.6675322,134.0422018
-1,742,17,49.2895858,53.93932223
-1,743,16,46.3901984,112.37101
-1,744,2796,8106.68717,8121.427654
-1,745,2511,7280.361761,7298.363209
-1,746,1228,3560.447727,3586.444844
-1,747,1695,4914.461643,4923.738932
-1,748,31,89.8810094,94.32648385
-1,749,33,95.6797842,87.45485669
-1,750,39,113.0761086,125.4227266
-1,751,1708,4952.153679,4978.79533
-1,752,1598,4633.221065,4649.067694
-1,753,1431,4149.023369,4166.676985
-1,754,624,1809.217738,1828.811839
-1,755,154,446.5056596,456.9708289
-1,756,1337,3876.480954,3876.078225
-1,757,5010,14525.93087,14555.24617
-1,758,20,57.987748,64.60299757
-1,759,88,255.1460912,274.9099245
-1,760,95,275.441803,301.0573266
-1,761,105,304.435677,307.3468811
-1,762,21,60.8871354,54.49190667
-1,763,25,72.484685,70.85349409
-1,764,136,394.3166864,403.6027051
-1,765,244,707.4505256,700.9160546
-1,766,1907,5529.131772,5563.683749
-1,767,62,179.7620188,183.4846336
-1,768,85,246.447929,230.204015
-1,769,1275,3696.718935,3695.616068
-1,770,28,81.1828472,75.07513359
-1,771,47,136.2712078,134.9952998
-1,772,46,133.3718204,132.4100579
-1,773,21,60.8871354,61.37181993
-1,774,498,1443.894925,1388.325217
-1,775,45,130.472433,132.8092384
-1,776,62,179.7620188,195.8532404
-1,777,1905,5523.332997,5569.775168
-1,778,140,405.914236,398.8136126
-1,779,67,194.2589558,206.3089914
-1,780,764,2215.131974,2220.363804
-1,781,754,2186.1381,2214.98278
-1,782,624,1809.217738,1811.382457
-1,783,8,23.1950992,31.80424865
-1,784,124,359.5240376,361.7823509
-1,785,189,547.9842186,556.2223214
-1,786,42,121.7742708,119.1295902
-1,787,42,121.7742708,122.1521488
-1,789,65,188.460181,132.3585656
-1,790,21,60.8871354,60.77368876
-1,791,16,46.3901984,54.8888368
-1,792,64,185.5607936,184.4130874
-1,793,24,69.5852976,66.69846873
-1,794,9,26.0944866,24.09390602
-1,795,24,69.5852976,90.82576806
-1,796,31,89.8810094,88.53542087
-1,797,38,110.1767212,112.4590863
-1,798,66,191.3595684,194.4309745
-1,799,160,463.901984,483.2233398
-1,800,5,14.496937,41.58379327
-1,801,35,101.478559,112.2101865
-1,802,68,197.1583432,199.8280784
-1,803,67,194.2589558,192.2519308
-1,804,403,1168.453122,1168.446151
-1,805,182,527.6885068,538.0687912
-1,806,39,113.0761086,116.4874636
-1,807,17,49.2895858,48.17633591
-1,808,44,127.5730456,134.8552044
-1,809,18,52.1889732,57.5919004
-1,810,13,37.6920362,58.16080215
-1,811,224,649.4627776,643.0135284
-1,812,256,742.2431744,761.8213542
-1,813,304,881.4137696,859.281463
-1,814,185,536.386669,547.2737036
-1,815,94,272.5424156,272.6962242
-1,816,54,156.5669196,150.9949264
-1,817,98,284.1399652,273.165241
-1,818,23,66.6859102,71.29213347
-1,819,168,487.0970832,479.7148942
-1,820,125,362.423425,353.6806912
-1,821,558,1617.858169,1630.998191
-1,822,18,52.1889732,42.37836181
-1,823,80,231.950992,232.4258891
-1,824,47,136.2712078,133.7435946
-1,825,46,133.3718204,137.7949109
-1,826,42,121.7742708,124.7173446
-1,827,64,185.5607936,188.3421254
-1,828,45,130.472433,115.7174504
-1,829,72,208.7558928,190.3103273
-1,830,31,89.8810094,92.80370916
-1,831,29,84.0822346,85.41918821
-1,832,68,197.1583432,193.1423739
-1,833,187,542.1854438,530.3570109
-1,834,38,110.1767212,91.58006573
-1,835,156,452.3044344,436.9361722
-1,836,89,258.0454786,263.5412187
-1,837,1194,3461.868556,3484.613368
-1,838,101,292.8381274,310.0962836
-1,839,1393,4038.846648,4071.202459
-1,840,70,202.957118,203.2811796
-1,841,62,179.7620188,184.0282502
-1,842,648,1878.803035,1878.337039
-1,843,77,223.2528298,217.2194951
-1,844,483,1400.404114,1428.334131
-1,845,34,98.5791716,100.7268828
-1,846,159,461.0025966,468.596134
-1,847,39,113.0761086,109.9246682
-1,848,1464,4244.703154,4270.008592
-1,849,185,536.386669,535.933849
-1,850,56,162.3656944,175.6856411
-1,851,817,2368.799506,2394.568287
-1,852,96,278.3411904,289.7327797
-1,853,226,655.2615524,648.0863742
-1,854,707,2049.866892,2032.256657
-1,855,42,121.7742708,126.1943225
-1,856,133,385.6185242,378.6087762
-1,857,73,211.6552802,213.8075097
-1,858,175,507.392795,513.728682
-1,859,136,394.3166864,393.2171966
-1,860,296,858.2186704,870.6554261
-1,861,17,49.2895858,49.60607735
-1,862,102,295.7375148,297.8611351
-1,863,283,820.5266342,839.5887175
-1,864,22,63.7865228,66.88718614
-1,865,34,98.5791716,95.13209652
-1,866,31,89.8810094,103.1703877
-1,867,90,260.944866,263.126766
-1,868,32,92.7803968,94.69786089
-1,869,35,101.478559,95.52894852
-1,870,186,539.2860564,525.1683638
-1,871,277,803.1303098,801.2450006
-1,872,109,316.0332266,315.4218865
-1,873,437,1267.032294,1284.338406
-1,874,38,110.1767212,116.1155196
-1,875,41,118.8748834,124.2805345
-1,876,47,136.2712078,123.0407535
-1,877,20,57.987748,61.37114425
-1,878,145,420.411173,439.9061372
-1,879,27,78.2834598,78.72621665
-1,880,15,43.490811,52.41687909
-1,881,102,295.7375148,384.0999774
-1,882,171,495.7952454,511.7761654
-1,883,37,107.2773338,110.1283122
-1,884,109,316.0332266,319.287945
-1,885,98,284.1399652,288.861519
-1,886,235,681.356039,685.7718908
-1,887,90,260.944866,272.8101163
-1,888,26,75.3840724,79.9478191
-1,889,510,1478.687574,1508.104855
-1,890,28,81.1828472,81.45342151
-1,891,104,301.5362896,322.0282717
-1,892,69,200.0577306,201.2985335
-1,893,19,55.0883606,48.53102257
-1,894,713,2067.263216,2095.54219
-1,895,100,289.93874,287.017494
-1,896,537,1556.971034,1597.653073
-1,897,26,75.3840724,87.50902073
-1,898,24,69.5852976,64.87516659
-1,899,98,284.1399652,285.9170982
-1,900,48,139.1705952,140.5029123
-1,901,407,1180.050672,1180.416793
-1,902,15,43.490811,46.19516279
-1,903,100,289.93874,281.982542
-1,904,125,362.423425,365.2949529
-1,905,4,11.5975496,13.61392809
-1,906,42,121.7742708,122.6402691
-1,907,211,611.7707414,605.382351
-1,908,55,159.466307,165.1024406
-1,909,152,440.7068848,436.5366051
-1,910,144,417.5117856,423.5692113
-1,911,15,43.490811,47.02345908
-1,912,24,69.5852976,68.90055005
-1,913,181,524.7891194,540.990944
-1,914,87,252.2467038,254.1066237
-1,915,5,14.496937,16.20138404
-1,916,22,63.7865228,63.50147572
-1,917,56,162.3656944,171.0849328
-1,918,85,246.447929,244.5970077
-1,919,75,217.454055,220.3556629
-1,921,30,86.981622,87.5973982
-1,922,35,101.478559,113.5388137
-1,923,1011,2931.280661,2954.301111
-1,924,92,266.7436408,276.7532995
-1,925,461,1336.617591,1338.995572
-1,926,52,150.7681448,149.7592132
-1,927,24,69.5852976,67.82950064
-1,928,64,185.5607936,174.9569186
-1,929,74,214.5546676,208.1893132
-1,930,94,272.5424156,279.1572086
-1,931,597,1730.934278,1747.426976
-1,932,326,945.2002924,960.1377096
-1,933,24,69.5852976,71.27101414
-1,934,635,1841.110999,1856.780495
-1,935,354,1026.38314,1037.011142
-1,936,62,179.7620188,185.8249501
-1,937,36,104.3779464,103.6241091
-1,938,698,2023.772405,2032.446424
-1,939,126,365.3228124,365.1076847
-1,940,18,52.1889732,56.88769027
-1,941,14,40.5914236,42.46088874
-1,942,45,130.472433,132.6445144
-1,943,389,1127.861699,1126.906566
-1,944,637,1846.909774,1841.5592
-1,945,31,89.8810094,89.68767666
-1,946,105,304.435677,310.9897639
-1,947,28,81.1828472,91.13071606
-1,948,1469,4259.200091,4300.111037
-1,949,150,434.90811,445.2505576
-1,950,16,46.3901984,63.62659755
-1,951,145,420.411173,418.1307974
-1,952,119,345.0271006,346.8861955
-1,953,310,898.810094,907.3418032
-1,954,73,211.6552802,209.6731736
-1,955,49,142.0699826,137.0334779
-1,956,257,745.1425618,745.7007046
-1,957,370,1072.773338,1089.444286
-1,958,99,287.0393526,289.9706035
-1,959,35,101.478559,95.93638929
-1,960,1085,3145.835329,3145.966188
-1,962,2,5.7987748,6.565957798
-1,963,24,69.5852976,77.34811484
-1,964,82,237.7497668,252.1883606
-1,965,38,110.1767212,119.5268674
-1,966,82,237.7497668,243.178581
-1,967,73,211.6552802,201.3181738
-1,968,141,408.8136234,418.1054806
-1,969,26,75.3840724,62.21674909
-1,970,424,1229.340258,1238.562751
-1,971,744,2157.144226,2068.448513
-1,972,79,229.0516046,231.3076711
-1,973,5,14.496937,21.35836585
-1,974,12,34.7926488,36.88401323
-1,975,77,223.2528298,217.4977816
-1,976,255,739.343787,728.331863
-1,977,189,547.9842186,559.5039379
-1,978,41,118.8748834,123.7380377
-1,979,621,1800.519575,1794.356079
-1,980,57,165.2650818,156.7460386
-1,981,48,139.1705952,142.2483941
-1,982,257,745.1425618,749.9049031
-1,983,176,510.2921824,519.6327844
-1,984,19,55.0883606,64.18217447
-1,985,62,179.7620188,177.4027879
-1,986,234,678.4566516,687.0608189
-1,987,22,63.7865228,74.99488873
-1,988,67,194.2589558,463.9005169
-1,989,45,130.472433,153.3998951
-1,990,25,72.484685,73.54777206
-1,991,14,40.5914236,37.99066309
-1,992,20,57.987748,56.72175839
-1,993,40,115.975496,109.743838
-1,994,1022,2963.173923,2970.384533
-1,995,25,72.484685,76.5857804
-1,996,46,133.3718204,134.8465225
-1,997,348,1008.986815,1028.396966
-1,998,83,240.6491542,244.3592763
-1,999,93,269.6430282,266.9786987
-1,1000,40,115.975496,117.21389
-1,1001,18,52.1889732,50.8440903
-1,1002,57,165.2650818,169.5866695
-1,1003,41,118.8748834,122.4974819
-1,1004,38,110.1767212,113.0220145
-1,1005,13,37.6920362,40.39468898
-1,1006,1057,3064.652482,3073.416677
-1,1007,373,1081.4715,1083.846651
-1,1008,1732,5021.738977,5023.920111
-1,1009,19,55.0883606,56.84978823
-1,1010,483,1400.404114,1394.045509
-1,1011,943,2734.122318,2730.420079
-1,1012,354,1026.38314,1039.321644
-1,1013,19307,55978.47253,56181.41004
-1,1014,30,86.981622,88.1311755
-1,1015,463,1342.416366,1336.527742
-1,1016,3188,9243.247031,9268.972133
-1,1017,952,2760.216805,2770.701014
-1,1018,1448,4198.312955,4203.966699
-1,1019,362,1049.578239,1045.567355
-1,1020,147,426.2099478,412.3606303
-1,1021,21,60.8871354,64.80684307
-1,1022,59,171.0638566,162.8692466
-1,1023,17,49.2895858,52.16537467
-1,1024,13,37.6920362,41.59502648
-1,1025,14,40.5914236,46.42542205
-1,1026,22,63.7865228,64.41991492
-1,1027,18,52.1889732,55.31841286
-1,1028,25,72.484685,74.89276823
-1,1029,295,855.319283,853.119049
-1,1030,1097,3180.627978,2771.642062
-1,1031,60,173.963244,160.2700396
-1,1032,44,127.5730456,127.0887435
-1,1033,70,202.957118,192.5381281
-1,1034,58,168.1644692,180.3261984
-1,1035,281,814.7278594,681.9134016
-1,1036,33,95.6797842,66.2971842
-1,1037,255,739.343787,621.3078996
-1,1038,104,301.5362896,301.1368436
-1,1039,28,81.1828472,69.82969664
-1,1040,18,52.1889732,47.75879454
-1,1041,25,72.484685,79.06842741
-1,1042,12,34.7926488,30.36792133
-1,1043,8,23.1950992,25.57250402
-1,1044,36,104.3779464,108.7463914
-1,1045,26,75.3840724,74.32376115
-1,1046,78,226.1522172,226.032506
-1,1047,3,8.6981622,10.81416855
-1,1048,96,278.3411904,293.3644537
-1,1049,97,281.2405778,288.6545402
-1,1050,630,1826.614062,1855.758723
-1,1051,1424,4128.727658,4110.737858
-1,1052,69,200.0577306,191.1531994
-1,1053,114,330.5301636,326.8972214
-1,1054,17,49.2895858,49.42389533
-1,1055,27,78.2834598,77.78339935
-1,1056,94,272.5424156,264.8963922
-1,1057,88,255.1460912,195.6601556
-1,1058,249,721.9474626,727.7414974
-1,1059,74,214.5546676,225.9156989
-1,1060,41,118.8748834,116.7932904
-1,1061,110,318.932614,309.0611317
-1,1062,9,26.0944866,26.36348447
-1,1063,498,1443.894925,1441.822255
-1,1064,27,78.2834598,83.21924836
-1,1065,22,63.7865228,52.95493797
-1,1066,10,28.993874,27.12991098
-1,1067,362,1049.578239,1034.078392
-1,1068,17,49.2895858,50.82905668
-1,1069,27,78.2834598,68.51793099
-1,1070,291,843.7217334,855.7621879
-1,1071,81,234.8503794,234.4744625
-1,1073,458,1327.919429,1333.552626
-1,1074,32,92.7803968,90.22009647
-1,1075,71,205.8565054,200.052023
-1,1076,124,359.5240376,350.8058071
-1,1077,162,469.7007588,467.893937
-1,1078,294,852.4198956,824.9273837
-1,1079,39,113.0761086,133.0743909
-1,1080,28,81.1828472,79.19506075
-1,1082,11,31.8932614,27.59181311
-1,1083,237,687.1548138,687.2053821
-1,1084,161,466.8013714,464.1052171
-1,1085,12,34.7926488,37.29978895
-1,1086,891,2583.354173,2511.169598
-1,1087,19,55.0883606,53.27282712
-1,1088,145,420.411173,388.7851406
-1,1089,569,1649.751431,1517.234852
-1,1090,1069,3099.445131,3097.488477
-1,1091,219,634.9658406,642.5276945
-1,1092,1096,3177.72859,3218.649882
-1,1093,1413,4096.834396,3667.291855
-1,1094,59,171.0638566,174.9829047
-1,1095,371,1075.672725,1076.161013
-1,1096,8,23.1950992,9.213954611
-1,1097,4,11.5975496,3.639238408
-1,1099,71,205.8565054,202.7025751
-1,1100,24,69.5852976,78.84799179
-1,1101,22,63.7865228,38.88713253
-1,1102,19,55.0883606,22.89419644
-1,1103,120,347.926488,211.3583529
-1,1104,38,110.1767212,56.39898946
-1,1105,29,84.0822346,27.17011622
-1,1106,4,11.5975496,6.060426152
-1,1107,11,31.8932614,28.97490698
-1,1108,38,110.1767212,112.455586
-1,1109,1183,3429.975294,3420.098391
-1,1110,9882,28651.74629,28062.71721
-1,1111,20762,60197.0812,59416.09853
-1,1112,5624,16306.15474,16379.72486
-1,1113,728,2110.754027,2124.674152
-1,1114,525,1522.178385,1535.99049
-1,1115,1446,4192.51418,4269.985506
-1,1116,6695,19411.39864,19434.27133
-1,1117,23339,67668.80253,67415.43794
-1,1118,2697,7819.647818,7630.385354
-1,1119,12702,36828.01875,36865.13436
-1,1120,2317,6717.880606,6720.413821
-1,1121,9984,28947.4838,29040.98597
-1,1122,3668,10634.95298,10437.98583
-1,1123,18159,52649.9758,52752.79533
-1,1124,2669,7738.464971,7771.011358
-1,1125,23339,67668.80253,67788.92039
-1,1126,10670,30936.46356,30941.64993
-1,1127,9492,27520.9852,27450.46447
-1,1128,33796,97987.69657,97278.91288
-1,1129,765,2218.031361,2238.026331
-1,1130,46564,135007.0749,135382.4972
-1,1131,31324,90820.41092,89848.08982
-1,1132,2903,8416.921622,8471.909435
